iter	MAPE	RMSE
0	0.04495358722	0.7786078334
1	0.03855302009	0.6702089124
2	0.03316665119	0.5793120239
3	0.02859901281	0.5024709287
4	0.02478148649	0.4381304287
5	0.0215747622	0.3843443797
6	0.01891077991	0.3398793322
7	0.01672011753	0.3034019318
8	0.014934047	0.273688379
9	0.01350267585	0.2497614176
10	0.01237255688	0.2308596662
11	0.01147935516	0.2158769436
12	0.01078677058	0.2042439176
13	0.010256728	0.1952036883
14	0.009862351423	0.1884144399
15	0.009566588603	0.1832766237
16	0.009346294634	0.1794646143
17	0.009183829367	0.1765981366
18	0.009065854379	0.1744694304
19	0.008980242526	0.1729059258
20	0.008917899239	0.1717487621
21	0.008871262119	0.1708632605
22	0.008838066743	0.1702487785
23	0.008814091494	0.1697317692
24	0.008797275165	0.1693528183
25	0.008784646467	0.1690666829
26	0.008775643958	0.1688662028
27	0.008768252674	0.1686738071
28	0.008761310918	0.1685330497
29	0.008757281661	0.1684272094
30	0.00875427568	0.1683403842
31	0.008751324326	0.1682652489
32	0.008747981394	0.1681778771
33	0.008745724311	0.1681157535
34	0.008743948823	0.1680613544
35	0.008742360953	0.1679988891
36	0.008739697699	0.1679416169
37	0.008738375165	0.1678996695
38	0.008736489219	0.1678535966
39	0.008733909643	0.1677690075
40	0.00873165408	0.167702233
41	0.008730332734	0.1676691649
42	0.008729074153	0.1676238075
43	0.00872667033	0.1675765321
44	0.00872487536	0.1675200671
45	0.008723263935	0.1674861296
46	0.008721679672	0.167449923
47	0.008720472557	0.1674138506
48	0.008719014046	0.1673807717
49	0.008717086492	0.1673379078
50	0.008716179518	0.1673045698
51	0.008714814748	0.1672550716
52	0.008713082601	0.1672105021
53	0.008712143233	0.1671775525
54	0.008710527835	0.1671342375
55	0.008709461164	0.1671019492
56	0.008709115615	0.1670733816
57	0.008708254511	0.167048179
58	0.008707697559	0.1670260186
59	0.008706399579	0.1670005832
60	0.00870357148	0.1669504464
61	0.008702600413	0.1669205535
62	0.008702030674	0.1668999745
63	0.008701174594	0.166878389
64	0.008699902464	0.1668454521
65	0.008698165295	0.1668084111
66	0.008696999739	0.166773643
67	0.008695732961	0.1667358609
68	0.00869446096	0.1667014433
69	0.008693942398	0.1666803366
70	0.008693179872	0.1666557702
71	0.008692185587	0.1666246465
72	0.008689841619	0.1665888576
73	0.008687720708	0.1665385575
74	0.00868703053	0.1665122809
75	0.008686216751	0.1664892404
76	0.008685620341	0.1664696861
77	0.008684291032	0.166434204
78	0.008683478702	0.1664099285
79	0.008682996728	0.1663910442
80	0.008680326965	0.1663347453
81	0.008678676729	0.1662970264
82	0.008677673055	0.1662631065
83	0.008675789991	0.1662287972
84	0.008673398131	0.1661907332
85	0.008672354188	0.1661623072
86	0.008671496522	0.1661370061
87	0.008670922607	0.1661203099
88	0.008668901389	0.1660842852
89	0.00866681473	0.1660395545
90	0.008666101938	0.1660209031
91	0.008665478633	0.1659989532
92	0.008665282051	0.1659839018
93	0.008664842064	0.1659708924
94	0.008664638447	0.1659569047
95	0.008664150533	0.1659388469
96	0.008663550285	0.1659167551
97	0.008662124184	0.1658798498
98	0.0086607017	0.1658528671
99	0.008658609865	0.1658098841
100	0.00865651368	0.1657761212
101	0.008655435826	0.1657527814
102	0.008653914289	0.1657229682
103	0.008652537714	0.1656945509
104	0.008652036816	0.1656759731
105	0.008651818508	0.1656648535
106	0.008651375771	0.1656508102
107	0.00865109035	0.1656334707
108	0.008649282116	0.1656013607
109	0.008647198366	0.1655653802
110	0.008644956414	0.165525347
111	0.008643299488	0.1654962657
112	0.008642033497	0.1654640432
113	0.008640527605	0.1654339379
114	0.008640430239	0.1654194915
115	0.008638605753	0.1653850218
116	0.00863835729	0.1653685492
117	0.008637734001	0.1653478522
118	0.008637170614	0.1653267061
119	0.008634928639	0.165288277
120	0.0086347457	0.1652813667
121	0.008633990734	0.1652641123
122	0.008633545515	0.165247304
123	0.008632033969	0.1652192924
124	0.008631917995	0.1652095301
125	0.008630009592	0.1651709309
126	0.008629598874	0.1651558095
127	0.008628541787	0.1651255771
128	0.008628193104	0.1651121042
129	0.008627945347	0.165098873
130	0.008627777005	0.1650892639
131	0.008627496073	0.1650792123
132	0.008625906948	0.1650474471
133	0.008625283242	0.1650298417
134	0.008625212059	0.1650219207
135	0.008624786845	0.1650035362
136	0.008624294605	0.1649854903
137	0.00862383586	0.1649725606
138	0.008623509934	0.1649563218
139	0.008623167462	0.164945332
140	0.008622210136	0.1649247655
141	0.008621934086	0.1649157483
142	0.008621706232	0.164906416
143	0.008621262153	0.16489231
144	0.008620819312	0.1648779654
145	0.008620021222	0.1648566845
146	0.008618525525	0.1648248616
147	0.008618066603	0.1648104075
148	0.008616939442	0.1647897276
149	0.008616238161	0.1647706582
150	0.008614955629	0.1647467964
151	0.008614253686	0.1647252517
152	0.008613787773	0.1647106304
153	0.008613722026	0.1647037556
154	0.008612707364	0.1646868944
155	0.008612303074	0.1646735108
156	0.008612026822	0.1646652008
157	0.008610882216	0.164641512
158	0.008610361706	0.1646268727
159	0.008609962831	0.1646145373
160	0.008608886204	0.1645932908
161	0.008608185196	0.1645780811
162	0.008607078626	0.1645511792
163	0.008605965619	0.1645242152
164	0.008605688562	0.1645118564
165	0.008605353219	0.1644990104
166	0.00860438773	0.1644759093
167	0.008602733431	0.1644460116
168	0.008602579396	0.1644368457
169	0.008601620568	0.164413421
170	0.008600756101	0.1643919797
171	0.008599450429	0.1643705506
172	0.008598329465	0.164341412
173	0.008598109334	0.1643323253
174	0.008597210606	0.1643121997
175	0.00859691962	0.1643024356
176	0.008596490607	0.1642908542
177	0.008596041133	0.1642784982
178	0.008595538527	0.1642669623
179	0.008595088806	0.1642470946
180	0.008594067039	0.1642277491
181	0.008592909359	0.1642003461
182	0.00859269119	0.164190653
183	0.008591337777	0.1641670407
184	0.008590753726	0.1641510063
185	0.008589733172	0.1641332895
186	0.008589298959	0.1641212606
187	0.008589159144	0.164114868
188	0.00858736894	0.1640834306
189	0.008586213256	0.164062622
190	0.008585790182	0.1640524247
191	0.008585418445	0.1640408409
192	0.008585154764	0.1640327935
193	0.00858406984	0.1640088659
194	0.008583832506	0.1640004112
195	0.00858343145	0.1639888568
196	0.008583246969	0.1639778356
197	0.008583044142	0.1639683452
198	0.008581833136	0.1639450931
199	0.008581636062	0.1639372955
200	0.008580428981	0.1639154166
201	0.00858020116	0.1639060599
202	0.008579889382	0.1638939795
203	0.008579667505	0.1638837805
204	0.008579023398	0.1638693611
205	0.008578407418	0.1638540542
206	0.008577093007	0.163829837
207	0.008576165538	0.1638099355
208	0.008575871634	0.1638023953
209	0.008575196942	0.1637863551
210	0.008575015707	0.1637789198
211	0.008574401003	0.163766557
212	0.008573725083	0.1637531763
213	0.008573429009	0.1637428587
214	0.008572465536	0.1637243232
215	0.008571751217	0.1637059137
216	0.008570725018	0.1636812834
217	0.008569807825	0.1636612691
218	0.008568825707	0.1636440177
219	0.008568397927	0.1636285898
220	0.008568128244	0.1636194593
221	0.0085675313	0.1636081199
222	0.008567313729	0.163598649
223	0.008566686588	0.1635824021
224	0.008566442999	0.1635761216
225	0.008566207889	0.1635686858
226	0.00856502356	0.1635416378
227	0.008563787437	0.1635215631
228	0.008563460856	0.163510052
229	0.008562345772	0.1634916534
230	0.008562244378	0.1634857649
231	0.008561329326	0.1634665853
232	0.008559892794	0.1634421801
233	0.008558708191	0.1634163207
234	0.008557888379	0.163400098
235	0.00855695733	0.1633844407
236	0.008556765239	0.163376077
237	0.00855609998	0.1633590075
238	0.008555510212	0.1633448629
239	0.008555273136	0.1633363515
240	0.008555020763	0.1633275057
241	0.008554069635	0.1633090135
242	0.008553751238	0.163295035
243	0.008552406369	0.1632697895
244	0.00855214222	0.1632610571
245	0.008550547572	0.1632349204
246	0.008550051691	0.1632250984
247	0.008549722375	0.1632157564
248	0.008549019915	0.1632014768
249	0.008547612979	0.1631731988
250	0.008547196576	0.1631639852
251	0.008546424615	0.1631495258
252	0.008546365111	0.1631446961
253	0.008545563945	0.1631234891
254	0.008544719101	0.1631043471
255	0.008544164289	0.1630941795
256	0.008543724129	0.163085602
257	0.00854351936	0.1630772524
258	0.008542427755	0.1630527675
259	0.008542131832	0.1630435009
260	0.008541154115	0.1630257454
261	0.008540305977	0.1630098581
262	0.008539303748	0.1629950627
263	0.008538936591	0.162984807
264	0.008538723345	0.1629788849
265	0.008538487092	0.1629718105
266	0.008537623057	0.1629538868
267	0.008536334822	0.1629308051
268	0.008535732331	0.162915984
269	0.008535129729	0.1629038317
270	0.008534302998	0.1628890924
271	0.0085333393	0.1628685843
272	0.008532145656	0.1628499642
273	0.008531587956	0.162836209
274	0.008530639089	0.1628189358
275	0.008530402842	0.1628081663
276	0.008530245055	0.1628020453
277	0.008530102795	0.1627952907
278	0.0085287935	0.1627716143
279	0.008528128187	0.1627595457
280	0.008527943947	0.1627523041
281	0.008527752322	0.1627473743
282	0.008526937552	0.1627254138
283	0.008526391201	0.1627134112
284	0.008526090596	0.1627057686
285	0.008524949733	0.1626884255
286	0.008524272919	0.1626751936
287	0.008523804222	0.1626620166
288	0.008523075689	0.1626462047
289	0.008522751824	0.1626377132
290	0.00852196242	0.1626189947
291	0.008521134251	0.1626003709
292	0.008520237652	0.1625790163
293	0.008519414882	0.1625597348
294	0.008518908686	0.1625488185
295	0.008518338994	0.162534908
296	0.008517908992	0.1625229355
297	0.008516737912	0.1625045002
298	0.008515867471	0.16248891
299	0.008515631091	0.162481691
300	0.008515356914	0.1624742393
301	0.008514281299	0.1624572005
302	0.008514069128	0.1624500675
303	0.008513032364	0.1624311691
304	0.008512675084	0.1624244914
305	0.008512440928	0.162416728
306	0.00851137033	0.1623990492
307	0.008510908263	0.1623862727
308	0.0085102847	0.1623732456
309	0.008509214481	0.1623584334
310	0.008508431727	0.1623468752
311	0.008507530482	0.1623322649
312	0.008506955003	0.1623169225
313	0.008506290899	0.1623060402
314	0.008505249308	0.1622876487
315	0.008505003883	0.1622799313
316	0.008504838614	0.1622751394
317	0.008504781138	0.1622713553
318	0.008504719899	0.1622677514
319	0.008504265694	0.1622574184
320	0.0085034535	0.162245445
321	0.008502196621	0.1622259445
322	0.008501177009	0.1622052526
323	0.008500043834	0.1621881764
324	0.008499154443	0.1621693707
325	0.008499076373	0.1621656228
326	0.008498520894	0.162151856
327	0.008497751856	0.1621392359
328	0.008497552238	0.1621330141
329	0.008497386919	0.1621269621
330	0.008496672431	0.1621132707
331	0.008496309782	0.1621034069
332	0.008495483605	0.1620904478
333	0.008495090698	0.1620816149
334	0.008494648608	0.1620718166
335	0.008494409983	0.1620647065
336	0.008494281458	0.1620601065
337	0.008494106575	0.1620537282
338	0.008493693895	0.1620427047
339	0.008493468144	0.1620352404
340	0.008493097768	0.1620264416
341	0.008492288136	0.1620115994
342	0.008492234678	0.1620082469
343	0.008491674164	0.161994359
344	0.008491488042	0.1619892486
345	0.008491006863	0.1619791807
346	0.008490733168	0.1619706707
347	0.008490332355	0.1619594139
348	0.008490171331	0.1619543034
349	0.008489804328	0.1619448458
350	0.008489776433	0.1619416172
351	0.008489618394	0.1619368859
352	0.008489076885	0.1619269385
353	0.008488145634	0.1619092261
354	0.008487831123	0.1619020321
355	0.008487669371	0.1618967046
356	0.008487565184	0.1618923613
357	0.008487383402	0.1618886636
358	0.008487065322	0.1618815629
359	0.008486491169	0.1618715121
360	0.008486392691	0.1618658882
361	0.008485932409	0.161855721
362	0.008485020349	0.1618404351
363	0.008484743887	0.1618345812
364	0.008484057428	0.161818354
365	0.008483489324	0.1618063392
366	0.008483108321	0.1617991717
367	0.008482349557	0.1617859178
368	0.008482012197	0.1617797309
369	0.008481920003	0.1617762204
370	0.008481052831	0.1617589259
371	0.008480785387	0.1617529468
372	0.008480673852	0.161748024
373	0.008479593897	0.1617264966
374	0.008479498302	0.1617227802
375	0.008478913158	0.161713323
376	0.008477450596	0.1616923633
377	0.008477294021	0.1616883731
378	0.0084772149	0.1616841875
379	0.008477084397	0.1616805916
380	0.008476483711	0.1616675176
381	0.008475804876	0.1616560823
382	0.008475527949	0.1616488674
383	0.00847510594	0.1616384254
384	0.008473839716	0.1616188164
385	0.008473489159	0.1616103433
386	0.008473312889	0.1616038866
387	0.008472901622	0.1615923063
388	0.008472128463	0.1615801267
389	0.008470977585	0.1615606268
390	0.008470198107	0.1615464674
391	0.008469646082	0.1615345378
392	0.008468687857	0.1615186288
393	0.008468176512	0.1615070593
394	0.008467665779	0.1614946791
395	0.008467529934	0.1614905191
396	0.008467388669	0.1614859551
397	0.008467292242	0.161482289
398	0.008466866737	0.1614749335
399	0.008465657623	0.1614538225
400	0.008465572	0.1614501687
401	0.008465036907	0.1614398642
402	0.008464896004	0.1614333609
403	0.008463917692	0.161418414
404	0.008463847305	0.1614155147
405	0.008463479302	0.1614065697
406	0.008462978211	0.161395471
407	0.008461996314	0.1613799011
408	0.008461902855	0.1613741627
409	0.00846151069	0.1613655233
410	0.008461313858	0.1613610916
411	0.008461214884	0.1613550296
412	0.008460787686	0.1613457832
413	0.008460570227	0.1613376024
414	0.008460259555	0.161330492
415	0.008459699667	0.1613155846
416	0.008459351722	0.1613095728
417	0.008458484176	0.1612968152
418	0.008458130992	0.1612863855
419	0.008457645702	0.1612780438
420	0.008457159134	0.1612691683
421	0.008457020417	0.1612638627
422	0.008456782243	0.1612584932
423	0.008456286359	0.1612480409
424	0.008456113859	0.1612446488
425	0.008455257881	0.1612296235
426	0.008454812766	0.1612187315
427	0.008453750001	0.1612003334
428	0.008453230271	0.1611910707
429	0.008452960931	0.161186221
430	0.008452352525	0.1611729441
431	0.008452279987	0.161170315
432	0.008451453641	0.1611561626
433	0.008451403021	0.1611536175
434	0.008450552407	0.1611425633
435	0.008450468006	0.1611407349
436	0.008449481226	0.1611247308
437	0.008448861485	0.1611100657
438	0.008448725888	0.1611060777
439	0.008448366905	0.1610973627
440	0.008448040132	0.1610915297
441	0.008447801867	0.1610873826
442	0.008447598285	0.1610800323
443	0.008446790326	0.1610661341
444	0.008446554045	0.1610591609
445	0.008445896227	0.1610499935
446	0.008445281531	0.1610386846
447	0.008444923304	0.1610292471
448	0.008444371841	0.1610201895
449	0.008443355506	0.1610055912
450	0.008443240528	0.1610006392
451	0.008441944393	0.1609823459
452	0.008441316489	0.1609686153
453	0.008440196973	0.1609505053
454	0.008439781022	0.1609400529
455	0.008439466214	0.1609312257
456	0.008438501643	0.1609162565
457	0.008437733132	0.1609046933
458	0.00843763914	0.1609027455
459	0.00843752508	0.1608978644
460	0.008436814395	0.160884416
461	0.008436413678	0.1608793173
462	0.008436216867	0.1608754338
463	0.008436106035	0.1608702021
464	0.008435361929	0.1608586862
465	0.008435122857	0.160854094
466	0.008434979606	0.1608498172
467	0.0084344624	0.1608413124
468	0.00843429208	0.1608379202
469	0.008433955424	0.1608297523
470	0.00843321333	0.1608168275
471	0.008433019624	0.1608119446
472	0.008432588696	0.160802732
473	0.008431516332	0.1607883187
474	0.008430941632	0.1607780274
475	0.008430343336	0.1607695298
476	0.0084297679	0.1607567012
477	0.008428952471	0.1607414973
478	0.008428855848	0.1607387735
479	0.008428482469	0.1607316083
480	0.008428145202	0.160724269
481	0.008427467498	0.1607120583
482	0.008427333344	0.1607087909
483	0.008427180616	0.1607054717
484	0.008426819338	0.1606985683
485	0.008426698232	0.1606918077
486	0.008426518868	0.1606878395
487	0.008426246815	0.1606811593
488	0.008426113694	0.1606785722
489	0.00842573678	0.160672921
490	0.008425485179	0.1606665391
491	0.008425396824	0.1606633618
492	0.008425034852	0.1606581418
493	0.00842462904	0.1606482931
494	0.008423827719	0.1606302304
495	0.008423537475	0.1606233519
496	0.008422700359	0.1606082697
497	0.008421917267	0.1605946268
498	0.008421379656	0.1605806342
499	0.008421243752	0.160577507
500	0.008420845619	0.1605685353
501	0.00842036981	0.1605612477
502	0.008420106441	0.1605561234
503	0.00841996573	0.1605523585
504	0.008419566294	0.1605453114
505	0.008419092472	0.16053988
506	0.00841898466	0.1605379904
507	0.008418737389	0.1605315377
508	0.008418562318	0.1605276893
509	0.00841844825	0.1605248104
510	0.008418246278	0.1605211611
511	0.008417833619	0.1605113022
512	0.008417413899	0.1605036266
513	0.008417250863	0.1604979603
514	0.008417039512	0.1604916728
515	0.008416886954	0.1604834456
516	0.008416725992	0.1604802296
517	0.008416589703	0.160474537
518	0.008416495141	0.160472479
519	0.008416383326	0.1604673124
520	0.008416291038	0.1604650298
521	0.008416169875	0.1604618762
522	0.008416053712	0.1604591576
523	0.008415503282	0.1604506056
524	0.008415020035	0.1604388066
525	0.008413817947	0.1604237239
526	0.008413312396	0.1604143021
527	0.008413150604	0.1604098527
528	0.008412779654	0.1604023301
529	0.008412382335	0.1603884578
530	0.008411535618	0.1603731408
531	0.008411365635	0.1603677718
532	0.008410764933	0.1603560515
533	0.008410492525	0.1603482485
534	0.008410271925	0.1603436822
535	0.008409475895	0.160329515
536	0.00840927092	0.1603253591
537	0.008408516335	0.1603109167
538	0.008408350851	0.1603082357
539	0.008408031868	0.1602999661
540	0.008407799625	0.1602955062
541	0.008407346422	0.1602870906
542	0.008407314826	0.1602861614
543	0.008406697945	0.1602741271
544	0.008406346221	0.1602649166
545	0.008405653397	0.1602501988
546	0.008405483984	0.1602462659
547	0.008405370136	0.1602438946
548	0.008404888164	0.1602367898
549	0.008404432909	0.1602212506
550	0.008404321278	0.1602180922
551	0.008404276569	0.1602160396
552	0.00840422688	0.1602146584
553	0.008404177747	0.1602123268
554	0.00840404665	0.1602094567
555	0.008403746615	0.1602031017
556	0.008403151644	0.160194132
557	0.008403093391	0.1601919389
558	0.008402246644	0.1601770011
559	0.008402040408	0.1601734727
560	0.00840193241	0.1601711948
561	0.008401358531	0.1601589393
562	0.00840123401	0.1601562952
563	0.008401176729	0.160154827
564	0.008400917157	0.1601488237
565	0.008400829994	0.1601467526
566	0.008400646683	0.1601421653
567	0.008400535937	0.1601396301
568	0.008400379145	0.1601343809
569	0.008399991466	0.1601264822
570	0.008399929975	0.1601242305
571	0.008399289758	0.1601147873
572	0.008398489577	0.1601021273
573	0.008398279226	0.160097937
574	0.008398133686	0.160094026
575	0.008397995545	0.1600916491
576	0.008397354486	0.1600815879
577	0.008396661695	0.1600695259
578	0.008396370285	0.1600629512
579	0.008396108403	0.1600580143
580	0.008395664769	0.1600479576
581	0.008395442001	0.1600433423
582	0.008394966917	0.1600349126
583	0.008394911723	0.1600325144
584	0.008393991239	0.1600179633
585	0.008393877497	0.1600156333
586	0.008393462522	0.160003601
587	0.008392535229	0.1599905842
588	0.008392215949	0.1599838732
589	0.008392142285	0.1599820345
590	0.008392019056	0.1599786609
591	0.008391969555	0.1599769951
592	0.008391380581	0.1599645392
593	0.008390922389	0.159954455
594	0.008390652145	0.1599473772
595	0.008390258936	0.1599401076
596	0.008390049007	0.1599368828
597	0.008389511755	0.1599246985
598	0.008389428408	0.1599216661
599	0.00838907994	0.1599126437
600	0.008388624972	0.1599037136
601	0.008388223694	0.1598981227
602	0.008388028847	0.1598944612
603	0.008387966959	0.1598928336
604	0.008387887811	0.1598908958
605	0.008387258891	0.159878569
606	0.008386895137	0.1598700802
607	0.008386524326	0.1598633926
608	0.008386510027	0.1598593562
609	0.008386019957	0.1598523332
610	0.008384987649	0.1598374783
611	0.008384882196	0.1598353981
612	0.008384820125	0.1598337855
613	0.008384071123	0.1598187579
614	0.00838397234	0.1598161845
615	0.008383568506	0.1598057503
616	0.008383403506	0.1598022072
617	0.008382294441	0.1597836269
618	0.008382031288	0.1597767863
619	0.008381756613	0.1597716113
620	0.008381232845	0.1597608592
621	0.00838090158	0.159752394
622	0.008380640332	0.1597473887
623	0.008380090233	0.1597364679
624	0.008379933432	0.1597320303
625	0.008379852634	0.159730135
626	0.008379486589	0.1597243388
627	0.008379104397	0.1597168801
628	0.008378732039	0.1597110864
629	0.008378506254	0.1597054449
630	0.008378065996	0.1596993442
631	0.00837785448	0.1596949891
632	0.008377831547	0.1596943872
633	0.008377579616	0.1596891479
634	0.008377548783	0.1596880979
635	0.008377055174	0.1596773617
636	0.008376881636	0.1596742341
637	0.008376782116	0.1596717968
638	0.008376361708	0.1596641791
639	0.008376316939	0.1596626639
640	0.00837577761	0.1596531729
641	0.008375700735	0.1596508184
642	0.008375674634	0.1596486463
643	0.00837537186	0.1596430697
644	0.008375278895	0.1596408218
645	0.008375216681	0.159637176
646	0.008374770387	0.1596295691
647	0.008374180894	0.159620692
648	0.008373877119	0.1596151028
649	0.008373445304	0.1596069239
650	0.008373150875	0.1596025882
651	0.008372777582	0.1595954695
652	0.008372375486	0.1595865517
653	0.008372274976	0.1595808903
654	0.008372190536	0.1595791104
655	0.008371820474	0.1595703593
656	0.008371734885	0.1595685783
657	0.008371462449	0.1595623522
658	0.008371175155	0.1595571981
659	0.008370952031	0.1595524304
660	0.008370827398	0.1595489686
661	0.008370740744	0.1595470737
662	0.008370495073	0.1595432522
663	0.008370401894	0.1595396697
664	0.008370049278	0.1595275702
665	0.008369894816	0.1595233825
666	0.008369840448	0.1595223258
667	0.008369222763	0.1595103748
668	0.008369107789	0.1595088324
669	0.008368619023	0.1594989641
670	0.008367921244	0.1594895649
671	0.008367539613	0.159477323
672	0.008367474195	0.1594762205
673	0.008367076962	0.159469089
674	0.00836652137	0.15945818
675	0.008366072052	0.1594488553
676	0.008365956193	0.1594467463
677	0.008365855537	0.1594441039
678	0.008365781785	0.1594423778
679	0.008365705133	0.1594408408
680	0.008365493937	0.1594366688
681	0.008365445489	0.1594354919
682	0.00836522933	0.1594292106
683	0.008364918897	0.1594237907
684	0.008364458524	0.1594167195
685	0.008364302949	0.1594126056
686	0.008363770488	0.1594035239
687	0.008363702704	0.1594011477
688	0.008363366161	0.1593938647
689	0.008363203112	0.1593906263
690	0.008362694845	0.1593824359
691	0.008362422084	0.1593765672
692	0.008361883087	0.1593648969
693	0.008361308382	0.1593566644
694	0.008361155631	0.1593530226
695	0.008360589804	0.1593419273
696	0.008359756899	0.1593288777
697	0.008359257778	0.1593173178
698	0.008358608668	0.1593088029
699	0.008358368029	0.1593051898
700	0.008358073238	0.1592997684
701	0.00835750808	0.159287855
702	0.008356981184	0.1592793324
703	0.008356888578	0.1592773371
704	0.008356787393	0.1592754076
705	0.008356525226	0.1592700092
706	0.008355849365	0.159257694
707	0.008355776008	0.1592539697
708	0.008355695383	0.1592520486
709	0.008355385863	0.1592465434
710	0.008355174154	0.159242703
711	0.008354585906	0.1592311212
712	0.008353751152	0.1592160202
713	0.008353339282	0.1592086441
714	0.008353157146	0.1592041696
715	0.008352341035	0.1591917546
716	0.008352052312	0.1591862548
717	0.008351469727	0.159175934
718	0.008351378265	0.1591740488
719	0.008350976591	0.1591627408
720	0.008350553684	0.1591556327
721	0.00835044923	0.1591534616
722	0.008350044346	0.1591479453
723	0.008349988066	0.1591462784
724	0.008349486063	0.1591340864
725	0.008349324022	0.1591300301
726	0.008348852798	0.1591215434
727	0.008348611107	0.1591181827
728	0.008348192779	0.1591093596
729	0.008348097474	0.159107967
730	0.008347715461	0.1591016564
731	0.008347196415	0.1590921806
732	0.008346886223	0.1590861037
733	0.008346473514	0.1590791374
734	0.008346116193	0.1590736385
735	0.008346083988	0.1590728359
736	0.008345283239	0.159061415
737	0.008345150956	0.1590581128
738	0.008344981172	0.1590542522
739	0.00834478267	0.1590497281
740	0.008344570448	0.1590456271
741	0.008344247982	0.1590381333
742	0.008343948219	0.1590329909
743	0.00834373941	0.1590288274
744	0.008343221674	0.1590217961
745	0.008342705921	0.1590137008
746	0.008342298364	0.1590053296
747	0.008342029748	0.1589994801
748	0.008341399756	0.1589886082
749	0.008341384437	0.158986714
750	0.008341025718	0.1589801473
751	0.00834097633	0.1589776618
752	0.008340852878	0.1589756315
753	0.008340552997	0.1589689259
754	0.008340247386	0.1589625679
755	0.008339909931	0.158957922
756	0.008339679882	0.1589535753
757	0.008339623251	0.1589525754
758	0.008339437708	0.1589483289
759	0.008338976672	0.158939717
760	0.008338716917	0.1589331123
761	0.008338651966	0.1589315163
762	0.008338580493	0.1589301154
763	0.008338055474	0.1589196572
764	0.008337489845	0.1589108026
765	0.008337230419	0.1589052537
766	0.008336943739	0.1589003773
767	0.008336793682	0.1588966924
768	0.008336332265	0.1588894668
769	0.008335644462	0.1588810649
770	0.008335553598	0.1588769888
771	0.00833514404	0.1588695683
772	0.008335124036	0.1588692129
773	0.008334962359	0.1588656209
774	0.00833483007	0.1588629608
775	0.008334760555	0.1588615321
776	0.008333905712	0.1588471664
777	0.008333685259	0.158842281
778	0.008333539372	0.158837423
779	0.008333405938	0.1588348791
780	0.008332957417	0.1588287337
781	0.008332216422	0.1588147282
782	0.008331442663	0.1588038476
783	0.008331420918	0.1588021602
784	0.008331361492	0.1588003908
785	0.008331281434	0.1587991639
786	0.008330988698	0.1587943218
787	0.008330937921	0.158792965
788	0.008330886055	0.1587916237
789	0.008330831965	0.1587895904
790	0.00833037166	0.1587833805
791	0.008329645949	0.1587716951
792	0.008329381554	0.158767303
793	0.008329289783	0.1587654936
794	0.008329026891	0.1587604519
795	0.008328461767	0.1587499791
796	0.008328224317	0.1587453277
797	0.008327825701	0.1587376299
798	0.008327038754	0.1587264445
799	0.008326645008	0.1587196473
800	0.008326583542	0.1587180952
801	0.008325987429	0.1587092964
802	0.008325748738	0.1587052544
803	0.008325693603	0.158703051
804	0.00832512315	0.1586943667
805	0.008324678713	0.1586876807
806	0.008324576183	0.1586864042
807	0.008324510845	0.1586848103
808	0.008324260998	0.1586799639
809	0.008324041564	0.1586749945
810	0.008323764591	0.1586703413
811	0.008323544837	0.1586653194
812	0.00832341021	0.1586619777
813	0.008323031394	0.1586546084
814	0.008322870954	0.1586514231
815	0.008322802549	0.1586505125
816	0.008322723953	0.1586487406
817	0.008322541278	0.1586440866
818	0.008322283139	0.1586393451
819	0.008321945202	0.1586310606
820	0.008321691805	0.158624383
821	0.008321224571	0.1586126983
822	0.008321137379	0.1586112749
823	0.008320681731	0.1586027301
824	0.008320583808	0.1585988205
825	0.008320279262	0.1585906412
826	0.00832017397	0.1585890012
827	0.008320131313	0.1585879834
828	0.008319662927	0.1585794486
829	0.008319641445	0.1585781231
830	0.008319593891	0.1585762792
831	0.008319463136	0.1585717049
832	0.008319167568	0.1585614249
833	0.008319142353	0.1585602081
834	0.008318671653	0.1585545363
835	0.008318454488	0.1585501716
836	0.008318150945	0.1585440644
837	0.008317989498	0.1585404242
838	0.008317841617	0.1585381454
839	0.008317437059	0.1585330154
840	0.008317108068	0.1585252511
841	0.008316903596	0.158521583
842	0.008316837801	0.1585203932
843	0.008316721316	0.1585179048
844	0.008316678571	0.1585165538
845	0.008316329328	0.1585101553
846	0.008316000681	0.1585034663
847	0.008315678135	0.1584970658
848	0.008315017976	0.1584829711
849	0.008314786902	0.1584784758
850	0.008314375789	0.1584699491
851	0.008313858442	0.1584613102
852	0.008313645194	0.1584581543
853	0.008313347616	0.158451815
854	0.008313273886	0.1584504879
855	0.00831283658	0.1584425062
856	0.008312535282	0.1584365517
857	0.008312303181	0.1584305953
858	0.008312279776	0.1584279862
859	0.008311635558	0.1584202845
860	0.008311473957	0.1584164862
861	0.008310746402	0.1584064851
862	0.008310189584	0.1583972584
863	0.008309906276	0.158391434
864	0.008309709252	0.1583852815
865	0.008309487832	0.1583805655
866	0.008309152939	0.1583757071
867	0.008308954352	0.158370799
868	0.00830847631	0.1583639504
869	0.008308068317	0.1583574747
870	0.008307846522	0.1583522178
871	0.008307481356	0.1583457022
872	0.008306919039	0.1583365366
873	0.008306306107	0.1583290366
874	0.008306213163	0.1583253141
875	0.008305998761	0.1583221327
876	0.008305849385	0.1583180045
877	0.008305405277	0.1583089959
878	0.008305339465	0.1583078247
879	0.008304923566	0.1583022151
880	0.008304377754	0.1582933721
881	0.008304029414	0.1582880986
882	0.008303766026	0.1582848035
883	0.008303260671	0.1582770134
884	0.008303053077	0.1582727324
885	0.008302991631	0.1582715884
886	0.008302824673	0.158268193
887	0.008302706208	0.1582659942
888	0.008302658613	0.1582649321
889	0.008302439802	0.1582611873
890	0.008302382083	0.1582595709
891	0.008301815517	0.1582491455
892	0.008301338588	0.1582406765
893	0.00830086436	0.1582312899
894	0.008300639571	0.1582268534
895	0.008300441547	0.158223563
896	0.008300029534	0.1582164944
897	0.008299819691	0.1582124321
898	0.008299371441	0.1582063454
899	0.008299276137	0.1582037927
900	0.008298533878	0.1581937437
901	0.008298484366	0.1581920614
902	0.008298308093	0.1581871817
903	0.008298104855	0.158183894
904	0.008298047302	0.1581819761
905	0.008297785083	0.1581780938
906	0.008297374734	0.1581707773
907	0.00829706727	0.1581659325
908	0.008296747923	0.1581615231
909	0.008296107723	0.1581534705
910	0.008295920223	0.1581492629
911	0.008295829291	0.1581474174
912	0.008295641313	0.1581438086
913	0.008295563362	0.15814289
914	0.008295114967	0.1581343647
915	0.008294679256	0.1581286843
916	0.00829462679	0.1581271115
917	0.008294493666	0.1581247365
918	0.008294401137	0.1581236799
919	0.008294382309	0.1581219554
920	0.008293940085	0.1581123592
921	0.008293769904	0.1581094846
922	0.008293756479	0.158108342
923	0.008293528312	0.1581032169
924	0.008293507046	0.1581023004
925	0.00829346391	0.1581011858
926	0.008292870447	0.1580917567
927	0.008292502565	0.1580831803
928	0.008292371237	0.1580804995
929	0.008291945462	0.1580729086
930	0.008291742544	0.1580682297
931	0.008291670237	0.1580661197
932	0.008291194192	0.1580591104
933	0.008290954905	0.1580547799
934	0.008290485189	0.1580456687
935	0.008290279246	0.1580417276
936	0.008290183724	0.1580396273
937	0.008289848391	0.1580333039
938	0.008289472978	0.1580265205
939	0.008289320093	0.1580222847
940	0.008289208081	0.1580204052
941	0.008289167396	0.1580187544
942	0.008289051591	0.1580163905
943	0.008288648142	0.1580104924
944	0.008288524084	0.1580070501
945	0.008288357908	0.158003147
946	0.008288129398	0.1579986058
947	0.008287795994	0.1579938804
948	0.008287626149	0.1579898956
949	0.008287530387	0.1579888396
950	0.008287396826	0.1579850512
951	0.008287258774	0.1579817227
952	0.008286964013	0.157977079
953	0.008286297795	0.1579690382
954	0.008285929154	0.1579604698
955	0.008285425931	0.1579493322
956	0.008285173027	0.1579459156
957	0.0082850198	0.1579437249
958	0.008284838241	0.1579406157
959	0.008284482812	0.1579340271
960	0.00828414989	0.1579275027
961	0.008283652898	0.1579199318
962	0.00828346449	0.1579156184
963	0.008283290431	0.1579112973
964	0.008283063223	0.1579069468
965	0.008282788312	0.1579018378
966	0.008282438021	0.1578941336
967	0.008281900615	0.1578850404
968	0.008281792598	0.1578823576
969	0.008281757797	0.1578817644
970	0.00828139018	0.157875589
971	0.008281335378	0.1578738302
972	0.008280987662	0.157869065
973	0.008280654592	0.1578629155
974	0.008280383431	0.1578576981
975	0.0082801911	0.1578542725
976	0.008279941761	0.1578504397
977	0.008279397151	0.1578402984
978	0.008279315485	0.1578369489
979	0.008279259406	0.1578340863
980	0.008279180341	0.1578325149
981	0.008279109329	0.1578296828
982	0.008279046463	0.1578289418
983	0.008278940387	0.1578268671
984	0.00827869355	0.1578238262
985	0.008278549939	0.1578210441
986	0.008278343197	0.1578166224
987	0.008278169018	0.1578136997
988	0.008277872018	0.1578078351
989	0.008277652376	0.1578037865
990	0.008277409018	0.1578005645
991	0.008277100301	0.1577948539
992	0.008276866588	0.157791193
993	0.008276647077	0.1577872365
994	0.008276256593	0.1577799725
995	0.008276112524	0.1577770115
996	0.008275561997	0.1577702838
997	0.00827518779	0.157763903
998	0.008275136411	0.1577627724
999	0.008274825344	0.1577571591
1000	0.008274708478	0.1577552285
1001	0.008274489095	0.1577500586
1002	0.008274457272	0.1577492182
1003	0.008274058581	0.1577400209
1004	0.008273616485	0.1577337173
1005	0.008273537918	0.1577323305
1006	0.008273297701	0.1577290235
1007	0.008273076198	0.157723451
1008	0.008272858615	0.1577200577
1009	0.008272715044	0.1577156919
1010	0.008272574548	0.1577137535
1011	0.008272533757	0.1577128766
1012	0.008272353749	0.1577038912
1013	0.008272044029	0.1576974744
1014	0.008271917693	0.1576960393
1015	0.008271781852	0.157693892
1016	0.008271746551	0.157693008
1017	0.00827152929	0.1576874453
1018	0.008271374736	0.1576828918
1019	0.008271266593	0.1576811059
1020	0.008271155359	0.1576777906
1021	0.008271083737	0.1576764197
1022	0.008270551584	0.1576696079
1023	0.008270421633	0.1576672078
1024	0.008270347571	0.1576657048
1025	0.008270309179	0.1576633899
1026	0.008270240168	0.1576622621
1027	0.008270221598	0.1576612529
1028	0.008269772733	0.1576525261
1029	0.008269406142	0.1576470319
1030	0.008269325444	0.157645453
1031	0.008269125469	0.1576402343
1032	0.00826882803	0.1576361313
1033	0.00826870307	0.1576323308
1034	0.008268383337	0.157627827
1035	0.008268313203	0.1576270125
1036	0.008268239759	0.1576255821
1037	0.008268102764	0.1576234945
1038	0.008268028323	0.1576224012
1039	0.008267800398	0.1576178093
1040	0.008267530401	0.1576125059
1041	0.008267112692	0.1576065309
1042	0.008267067541	0.1576053491
1043	0.008266814907	0.1576015895
1044	0.008266380524	0.1575935893
1045	0.008266273893	0.1575900792
1046	0.00826615124	0.1575876116
1047	0.008266111555	0.157586864
1048	0.008265789974	0.1575828468
1049	0.008265677555	0.1575809887
1050	0.008265553297	0.1575784498
1051	0.008265246073	0.1575715725
1052	0.008265192745	0.1575705541
1053	0.008265003722	0.1575642926
1054	0.008264959221	0.1575634931
1055	0.008264885842	0.1575624649
1056	0.008264547359	0.1575578431
1057	0.008264327832	0.1575523791
1058	0.008264030575	0.1575475865
1059	0.008263507656	0.1575397115
1060	0.008263412173	0.1575359472
1061	0.008263005583	0.1575286698
1062	0.00826286677	0.1575265971
1063	0.008262744703	0.1575242864
1064	0.008262552141	0.1575207252
1065	0.008262300365	0.1575178076
1066	0.00826219252	0.1575161029
1067	0.008262061718	0.1575133526
1068	0.008261977646	0.1575116295
1069	0.008261873403	0.1575101397
1070	0.008261692763	0.1575072708
1071	0.008261162667	0.1574990001
1072	0.008260948243	0.1574936306
1073	0.008260770496	0.1574909079
1074	0.008260695188	0.1574897417
1075	0.008260369657	0.1574830003
1076	0.008260232719	0.157480836
1077	0.008260130702	0.1574795092
1078	0.008259635617	0.157471366
1079	0.008259387969	0.1574654714
1080	0.008258914934	0.157458128
1081	0.008258767338	0.1574555564
1082	0.008258425179	0.157450891
1083	0.008258202382	0.1574469178
1084	0.00825819451	0.1574446826
1085	0.008257640698	0.1574361688
1086	0.008257482506	0.1574335309
1087	0.008257431309	0.1574326877
1088	0.008257231553	0.1574290206
1089	0.008257036097	0.1574254417
1090	0.008256980109	0.1574247229
1091	0.008256791182	0.1574217443
1092	0.008256713711	0.1574195545
1093	0.008256682908	0.1574185245
1094	0.008256504367	0.1574152108
1095	0.008256342422	0.1574117663
1096	0.008255814436	0.1574048137
1097	0.008255483744	0.1573998113
1098	0.0082551667	0.1573949076
1099	0.008254914218	0.1573895554
1100	0.008254856558	0.157388187
1101	0.008254781792	0.1573870083
1102	0.008254585901	0.1573824691
1103	0.008254192934	0.1573744287
1104	0.008254164246	0.157372702
1105	0.008254121281	0.1573720237
1106	0.008253975047	0.1573688708
1107	0.008253780408	0.1573657293
1108	0.00825353263	0.1573608923
1109	0.008253296623	0.1573561555
1110	0.008253018661	0.1573527081
1111	0.008252908321	0.1573508315
1112	0.008252867331	0.1573501654
1113	0.008252558712	0.1573450508
1114	0.008252263063	0.1573367496
1115	0.008252122656	0.1573343248
1116	0.0082520131	0.1573313281
1117	0.008251963849	0.1573305003
1118	0.008251706606	0.1573266613
1119	0.008251621078	0.1573250221
1120	0.008251491195	0.1573195415
1121	0.008251314051	0.1573173426
1122	0.008250906766	0.1573109891
1123	0.008250809775	0.1573083873
1124	0.008250264658	0.1573007331
1125	0.008250033316	0.1572959334
1126	0.008249840975	0.15729376
1127	0.008249628245	0.1572904746
1128	0.0082494869	0.1572882798
1129	0.008249175917	0.157283225
1130	0.008249143183	0.1572814593
1131	0.008249083201	0.157280284
1132	0.00824896745	0.1572777427
1133	0.008248710922	0.1572744614
1134	0.008248694834	0.1572726845
1135	0.008248409535	0.1572674074
1136	0.008248192627	0.1572641622
1137	0.008248013291	0.1572618764
1138	0.008247936746	0.1572608939
1139	0.00824788871	0.1572601387
1140	0.008247598573	0.157256763
1141	0.008247228021	0.1572515614
1142	0.008247203188	0.157250067
1143	0.008247096043	0.1572479372
1144	0.008246318418	0.1572364586
1145	0.008246272543	0.1572355833
1146	0.008246102254	0.1572286979
1147	0.008245944786	0.1572257949
1148	0.00824536599	0.1572185988
1149	0.00824507769	0.1572138307
1150	0.008244609785	0.1572088032
1151	0.00824454526	0.1572071534
1152	0.008244427635	0.1572049711
1153	0.008243901806	0.1571970522
1154	0.008243798591	0.1571935331
1155	0.008243565617	0.157190239
1156	0.008243381698	0.1571873792
1157	0.00824307977	0.1571822111
1158	0.008243055182	0.1571811072
1159	0.008242964496	0.1571780774
1160	0.008242690722	0.1571746791
1161	0.008242572007	0.1571719791
1162	0.008242408804	0.1571676841
1163	0.008242140209	0.1571641284
1164	0.008241712494	0.1571589737
1165	0.00824170131	0.1571583485
1166	0.008241325472	0.1571521479
1167	0.008241189116	0.1571498759
1168	0.008240686495	0.1571425103
1169	0.008240435668	0.157136597
1170	0.008240278641	0.157133751
1171	0.008239913317	0.1571275862
1172	0.008239843593	0.1571265989
1173	0.00823934587	0.1571176059
1174	0.008238968222	0.1571123055
1175	0.008238972254	0.1571110247
1176	0.008238777789	0.1571070701
1177	0.008238265686	0.1570987712
1178	0.00823826027	0.157097228
1179	0.008238184155	0.1570957058
1180	0.008237955556	0.1570920116
1181	0.00823782212	0.1570905143
1182	0.008237796002	0.1570898131
1183	0.008237750838	0.1570890766
1184	0.008237694607	0.1570881231
1185	0.008237611714	0.1570868508
1186	0.008237487541	0.15708388
1187	0.008237445856	0.157083185
1188	0.008237362778	0.1570819437
1189	0.008237096047	0.1570780358
1190	0.008236874317	0.1570746405
1191	0.008236518199	0.1570686115
1192	0.008236467563	0.1570675838
1193	0.008236106386	0.1570625023
1194	0.008235859816	0.1570593448
1195	0.008235717996	0.1570567931
1196	0.008235575087	0.1570534242
1197	0.008235456212	0.1570519329
1198	0.008235363362	0.1570509978
1199	0.008234989324	0.1570445456
1200	0.008234944963	0.1570435503
1201	0.008234837131	0.1570415018
1202	0.008234812882	0.1570400424
1203	0.008234364646	0.1570348095
1204	0.0082341216	0.1570301315
1205	0.008233925458	0.157023371
1206	0.008233850172	0.157022425
1207	0.008233800941	0.1570217078
1208	0.008233569211	0.1570180039
1209	0.008233414386	0.1570146034
1210	0.008233133036	0.1570075111
1211	0.008233093468	0.1570068816
1212	0.00823298687	0.1570016369
1213	0.008232961504	0.1570008251
1214	0.008232904809	0.1570001491
1215	0.00823259254	0.1569963444
1216	0.00823213686	0.1569901009
1217	0.008232103567	0.1569888984
1218	0.008231976595	0.1569865597
1219	0.008231868063	0.1569831866
1220	0.008231732531	0.1569805359
1221	0.008231478607	0.1569773625
1222	0.008231321421	0.1569729881
1223	0.008230943454	0.1569660455
1224	0.0082309232	0.1569652591
1225	0.008230725931	0.1569617889
1226	0.008230684096	0.1569610324
1227	0.008230656958	0.1569604348
1228	0.008230357891	0.1569559654
1229	0.008230058122	0.1569513704
1230	0.008229919253	0.1569499087
1231	0.008229566905	0.156944558
1232	0.008229151779	0.156938522
1233	0.0082289706	0.1569361145
1234	0.008228959139	0.1569359819
1235	0.008228707749	0.15693148
1236	0.008228279255	0.1569256538
1237	0.008228139426	0.1569234932
1238	0.008227987872	0.156921482
1239	0.008227939624	0.1569204944
1240	0.008227810276	0.1569189716
1241	0.008227558524	0.1569149093
1242	0.008227411206	0.1569118185
1243	0.00822730291	0.1569099641
1244	0.008227270977	0.1569091943
1245	0.008227000423	0.1569044782
1246	0.008226784833	0.1569007309
1247	0.008226752598	0.1569001397
1248	0.008226602211	0.1568974586
1249	0.008226218416	0.1568902141
1250	0.008225879802	0.1568814013
1251	0.008225410815	0.1568713833
1252	0.008225341221	0.1568700384
1253	0.008225184323	0.156864631
1254	0.008225153175	0.1568583105
1255	0.008225127855	0.1568577001
1256	0.008225080528	0.1568568891
1257	0.008224997659	0.1568560672
1258	0.008224800327	0.1568535051
1259	0.008224688841	0.1568505317
1260	0.008224137284	0.1568436618
1261	0.008224121252	0.1568425995
1262	0.00822409972	0.1568413155
1263	0.008223995185	0.1568392735
1264	0.008223924624	0.1568340051
1265	0.008223844237	0.1568330146
1266	0.008223521603	0.156826833
1267	0.008223477479	0.1568258888
1268	0.008223168239	0.1568209076
1269	0.008223064267	0.1568174393
1270	0.008223046332	0.1568169513
1271	0.008222778535	0.1568125268
1272	0.008222661163	0.1568103001
1273	0.008222602164	0.1568090214
1274	0.008222547908	0.1568084024
1275	0.008222397008	0.1568061646
1276	0.008222326479	0.1568052669
1277	0.008222272082	0.1568047322
1278	0.008222071118	0.1568006488
1279	0.008221841906	0.1567962729
1280	0.00822167508	0.156793899
1281	0.008221520271	0.15679172
1282	0.008221458414	0.1567907871
1283	0.00822110246	0.1567867836
1284	0.008221088665	0.1567861937
1285	0.008220839612	0.1567823685
1286	0.008220773391	0.1567815671
1287	0.008220727241	0.1567809449
1288	0.008220579107	0.1567785754
1289	0.008220505914	0.1567765292
1290	0.008220103113	0.156771175
1291	0.008219704591	0.1567657531
1292	0.008219346613	0.156757985
1293	0.008218946533	0.1567500685
1294	0.008218867963	0.1567490106
1295	0.008218621749	0.1567426438
1296	0.008218582076	0.1567420258
1297	0.008218440729	0.1567355832
1298	0.00821839621	0.1567349382
1299	0.008218228023	0.1567296752
1300	0.008217799729	0.1567244047
1301	0.008217496341	0.1567188696
1302	0.008217274971	0.156715404
1303	0.008217254702	0.1567149234
1304	0.008217224768	0.1567144051
1305	0.008216911638	0.1567095789
1306	0.00821668048	0.1567059702
1307	0.008216556821	0.1567043694
1308	0.008216320269	0.1566978245
1309	0.008216248936	0.1566965791
1310	0.00821619786	0.1566958506
1311	0.008216168063	0.1566953415
1312	0.008215954685	0.1566929278
1313	0.008215867967	0.1566915794
1314	0.008215800316	0.1566900288
1315	0.008215645917	0.1566879737
1316	0.008215406976	0.1566843977
1317	0.008215205753	0.1566812068
1318	0.008214711395	0.1566746336
1319	0.008214501143	0.156672106
1320	0.008214384889	0.1566697643
1321	0.008214221856	0.1566672786
1322	0.008214180387	0.1566665859
1323	0.008213719417	0.1566602553
1324	0.008213696437	0.1566598438
1325	0.008213656849	0.1566592697
1326	0.008213560994	0.1566574038
1327	0.008213567087	0.156656347
1328	0.008213440577	0.1566527788
1329	0.008213122061	0.1566483447
1330	0.008212895713	0.1566447092
1331	0.008212709656	0.1566412997
1332	0.008212577101	0.1566388858
1333	0.008212347046	0.1566340506
1334	0.008212154724	0.1566313744
1335	0.008212108309	0.1566305929
1336	0.008211955498	0.1566279963
1337	0.008211941231	0.1566273298
1338	0.008211918242	0.1566265422
1339	0.008211891012	0.1566257134
1340	0.008211853086	0.1566251516
1341	0.008211807998	0.1566244942
1342	0.008211777656	0.1566238056
1343	0.008211470402	0.156619879
1344	0.008211409316	0.1566191199
1345	0.008211387221	0.1566186776
1346	0.008211137657	0.1566158868
1347	0.008211110524	0.1566151743
1348	0.008210999241	0.1566136089
1349	0.008210670114	0.156606561
1350	0.008210455571	0.1566010832
1351	0.008210341332	0.1565996357
1352	0.008210120905	0.1565951365
1353	0.008210059427	0.1565941996
1354	0.008209958625	0.1565930187
1355	0.008209855523	0.1565912443
1356	0.008209522988	0.1565869872
1357	0.008209211477	0.15658214
1358	0.008209179682	0.1565816898
1359	0.00820900122	0.1565778182
1360	0.008208966728	0.1565771694
1361	0.008208937468	0.1565765772
1362	0.008208700435	0.1565728999
1363	0.008208540765	0.1565694125
1364	0.008208171487	0.1565628814
1365	0.008208060855	0.1565612376
1366	0.00820804661	0.1565608551
1367	0.008207998036	0.1565601632
1368	0.008207770533	0.1565577026
1369	0.008207724741	0.1565572934
1370	0.008207388654	0.1565519026
1371	0.008207213041	0.1565497788
1372	0.008206825132	0.1565441164
1373	0.008206754284	0.1565425827
1374	0.008206732807	0.1565417067
1375	0.008206730281	0.1565407839
1376	0.008206416452	0.1565363163
1377	0.008206067683	0.1565310765
1378	0.008206073491	0.1565304003
1379	0.008205736658	0.1565263184
1380	0.0082054787	0.1565219434
1381	0.008205419177	0.1565208567
1382	0.008205317012	0.1565191241
1383	0.008205246654	0.1565176209
1384	0.008204993619	0.1565130813
1385	0.008204633823	0.1565065711
1386	0.00820459475	0.1565059459
1387	0.008204419823	0.156500548
1388	0.00820408175	0.1564939861
1389	0.008203542323	0.1564870182
1390	0.008203038636	0.1564802023
1391	0.008202905593	0.1564784254
1392	0.008202588092	0.1564701939
1393	0.00820225614	0.1564661256
1394	0.008202079098	0.1564638314
1395	0.00820177745	0.1564582169
1396	0.008201737121	0.1564576056
1397	0.008201477091	0.1564534062
1398	0.008201417523	0.1564527304
1399	0.008201353334	0.1564513582
1400	0.00820130522	0.1564507555
1401	0.008200968953	0.1564459317
1402	0.00820062454	0.1564408664
1403	0.008200581057	0.1564403123
1404	0.008200316782	0.1564342454
1405	0.00820015785	0.1564323356
1406	0.008199763205	0.1564268223
1407	0.008199614267	0.1564245134
1408	0.00819948477	0.1564221981
1409	0.00819947308	0.1564217534
1410	0.008199333099	0.1564190801
1411	0.008199123687	0.156416937
1412	0.008198996025	0.1564138128
1413	0.008198678264	0.156409946
1414	0.00819865995	0.156409163
1415	0.008198620127	0.1564086215
1416	0.008198468196	0.1564033573
1417	0.008198395652	0.1564025553
1418	0.008198209855	0.1563989365
1419	0.008198086011	0.1563955129
1420	0.008198018028	0.1563947551
1421	0.008197657211	0.1563888544
1422	0.008197598845	0.1563876177
1423	0.008197466947	0.1563857613
1424	0.008197188446	0.1563819157
1425	0.008197151178	0.1563815337
1426	0.00819708979	0.1563809161
1427	0.008196939881	0.1563781004
1428	0.008196868805	0.1563771846
1429	0.008196774825	0.1563761471
1430	0.008196469155	0.1563705733
1431	0.008196253016	0.1563670427
1432	0.008196016454	0.1563614206
1433	0.008195741755	0.156357403
1434	0.008195531934	0.1563547503
1435	0.008195504444	0.1563537644
1436	0.008195082333	0.1563462639
1437	0.008194834786	0.1563412624
1438	0.008194782987	0.1563402209
1439	0.008194661373	0.1563380766
1440	0.008194619511	0.1563374854
1441	0.00819458468	0.1563352983
1442	0.008194444812	0.1563334209
1443	0.008194195499	0.1563295887
1444	0.008194066278	0.1563270649
1445	0.00819390336	0.1563234616
1446	0.008193879699	0.1563229757
1447	0.008193789113	0.1563218751
1448	0.008193392019	0.1563166419
1449	0.008193263215	0.1563139042
1450	0.008193129278	0.1563118475
1451	0.008192948486	0.1563095268
1452	0.0081927006	0.1563059033
1453	0.008192474167	0.1563031918
1454	0.008192026654	0.1562969118
1455	0.008191846397	0.1562930537
1456	0.008191384669	0.1562839417
1457	0.008191359373	0.1562834608
1458	0.008191153292	0.1562801774
1459	0.008191132643	0.1562796381
1460	0.008191100054	0.1562792357
1461	0.00819107051	0.1562788036
1462	0.008191037934	0.1562784322
1463	0.008190985767	0.1562775979
1464	0.008190754923	0.1562740565
1465	0.008190313065	0.1562680222
1466	0.008190244054	0.1562667063
1467	0.008190023776	0.1562633179
1468	0.008189913375	0.1562612374
1469	0.008189836589	0.1562592774
1470	0.008189700618	0.1562577479
1471	0.008189353474	0.1562521131
1472	0.008189137176	0.1562497795
1473	0.008188966412	0.1562474135
1474	0.008188813416	0.1562445985
1475	0.008188756452	0.1562439894
1476	0.008188664969	0.1562412883
1477	0.008188497269	0.1562391618
1478	0.008188265852	0.1562349468
1479	0.008188143504	0.1562332385
1480	0.008188054469	0.1562305548
1481	0.008187890415	0.1562279323
1482	0.008187556245	0.1562217411
1483	0.0081874806	0.1562204805
1484	0.008187383526	0.1562173267
1485	0.008187318477	0.1562148762
1486	0.008187298864	0.1562145675
1487	0.00818718544	0.156212978
1488	0.008187181051	0.1562126225
1489	0.008187085139	0.15621084
1490	0.008187064454	0.1562105746
1491	0.008186911198	0.1562086769
1492	0.008186873744	0.1562081718
1493	0.008186757692	0.1562060928
1494	0.008186727597	0.1562057893
1495	0.008186715905	0.1562053049
1496	0.008186617616	0.1562031272
1497	0.008186386265	0.156199242
1498	0.008186174166	0.1561956096
1499	0.008185881234	0.1561921541
1500	0.008185621725	0.1561883291
1501	0.008185492715	0.1561861852
1502	0.008185096039	0.1561813472
1503	0.008185059371	0.1561800589
1504	0.008184827622	0.1561763719
1505	0.008184447344	0.1561705828
1506	0.008184426856	0.1561700701
1507	0.008184364559	0.1561694007
1508	0.008184163207	0.1561665103
1509	0.008184093851	0.1561655207
1510	0.008183791969	0.1561620226
1511	0.008183629018	0.156158837
1512	0.008183484695	0.1561566054
1513	0.008183339229	0.1561533716
1514	0.008183206539	0.1561502597
1515	0.008183127019	0.1561476323
1516	0.008183002252	0.1561451365
1517	0.008182917739	0.156143402
1518	0.008182822493	0.1561423114
1519	0.008182397088	0.156137644
1520	0.008182161288	0.1561346573
1521	0.008182136509	0.1561341431
1522	0.008182083925	0.1561336071
1523	0.008181912111	0.1561287752
1524	0.00818176724	0.156126694
1525	0.008181711795	0.1561254746
1526	0.008181478102	0.1561230855
1527	0.008181329504	0.156119916
1528	0.008181221329	0.156117704
1529	0.008181047353	0.1561128889
1530	0.008181024011	0.156112298
1531	0.008180889463	0.1561102814
1532	0.008180608116	0.1561049112
1533	0.00818036504	0.1561007166
1534	0.008180253447	0.1560993297
1535	0.008180149916	0.1560974733
1536	0.008179966975	0.1560943696
1537	0.008179691612	0.1560877069
1538	0.008179659866	0.1560873207
1539	0.008179517621	0.1560846445
1540	0.008179409401	0.1560830546
1541	0.008179208722	0.1560796172
1542	0.008179047341	0.1560738214
1543	0.008178782461	0.156070292
1544	0.00817857518	0.1560664973
1545	0.008178418605	0.1560638515
1546	0.008178162604	0.1560614345
1547	0.008178106288	0.1560605454
1548	0.008177954519	0.156057457
1549	0.008177855537	0.1560554282
1550	0.008177763643	0.156053097
1551	0.008177546351	0.1560502933
1552	0.00817750277	0.1560494983
1553	0.008177325134	0.1560475199
1554	0.008177120759	0.1560442876
1555	0.008176982389	0.1560408132
1556	0.008176674434	0.156036276
1557	0.008176637339	0.156035881
1558	0.008176589167	0.1560352838
1559	0.008176486109	0.1560340852
1560	0.00817645925	0.1560336434
1561	0.008176268889	0.1560298469
1562	0.008176236999	0.1560294526
1563	0.008176115595	0.156022167
1564	0.008175728077	0.1560151673
1565	0.008175563644	0.1560118952
1566	0.008175266908	0.15600783
1567	0.008174913744	0.1560035007
1568	0.008174892754	0.1560031349
1569	0.008174597571	0.1559988175
1570	0.008174415676	0.1559953628
1571	0.008174346845	0.1559944834
1572	0.008174208914	0.1559923369
1573	0.008174176732	0.1559919564
1574	0.008173976312	0.1559886994
1575	0.008173781695	0.1559849897
1576	0.008173698742	0.1559838369
1577	0.008173534309	0.1559815163
1578	0.008173404298	0.1559775178
1579	0.008173065056	0.1559718453
1580	0.008172927839	0.1559687385
1581	0.008172813342	0.1559666027
1582	0.008172605542	0.1559627574
1583	0.008172457435	0.1559598993
1584	0.008172005585	0.1559535875
1585	0.008171849376	0.1559482916
1586	0.008171829158	0.1559479142
1587	0.008171685339	0.1559457542
1588	0.008171654838	0.1559454072
1589	0.008171341199	0.1559404304
1590	0.00817132954	0.1559398496
1591	0.008171200366	0.1559380191
1592	0.008170915994	0.1559329494
1593	0.008170872828	0.1559324945
1594	0.008170826992	0.1559318477
1595	0.008170702146	0.1559303583
1596	0.008170474329	0.1559282263
1597	0.008170393327	0.1559271407
1598	0.008170252691	0.1559243745
1599	0.008170056084	0.1559174274
1600	0.008169906733	0.1559134018
1601	0.008169633333	0.1559091544
1602	0.008169274003	0.1559043907
1603	0.008169111518	0.155902026
1604	0.00816906522	0.1559014366
1605	0.008168862709	0.1558982519
1606	0.00816869157	0.1558951291
1607	0.008168600265	0.1558932148
1608	0.008168467081	0.1558902532
1609	0.008168419636	0.1558897818
1610	0.008168202536	0.155886781
1611	0.008167934632	0.1558845823
1612	0.008167525925	0.1558803716
1613	0.008167411045	0.1558781095
1614	0.008167269639	0.1558759132
1615	0.008167230029	0.1558751451
1616	0.008166890121	0.1558713387
1617	0.008166799207	0.1558701932
1618	0.008166775239	0.155869716
1619	0.008166639211	0.1558674613
1620	0.008166500016	0.1558638769
1621	0.008166389219	0.1558577842
1622	0.008166247672	0.1558541307
1623	0.008166095551	0.1558516643
1624	0.008166058233	0.155850678
1625	0.008166037817	0.1558494137
1626	0.008165924913	0.1558481769
1627	0.008165913449	0.1558475457
1628	0.008165616941	0.1558426143
1629	0.008165466795	0.1558390524
1630	0.008165395986	0.1558382278
1631	0.008165291228	0.1558366426
1632	0.008165218403	0.1558352834
1633	0.008165167447	0.1558347575
1634	0.008164944946	0.1558317173
1635	0.008164819303	0.1558294549
1636	0.008164798852	0.1558288978
1637	0.008164776072	0.1558285285
1638	0.008164643476	0.1558266169
1639	0.00816463604	0.1558261336
1640	0.008164516773	0.1558245193
1641	0.008164494138	0.1558241891
1642	0.008164327329	0.1558220632
1643	0.008164302617	0.1558217152
1644	0.008164192699	0.1558178004
1645	0.008164150184	0.1558173069
1646	0.008164134821	0.1558169818
1647	0.008163975868	0.1558141859
1648	0.008163853005	0.1558122561
1649	0.008163764541	0.1558106612
1650	0.008163608979	0.1558085094
1651	0.008163503393	0.1558063549
1652	0.008163419246	0.1558050412
1653	0.008163165772	0.1557996147
1654	0.008163153266	0.1557992895
1655	0.008162957058	0.1557970645
1656	0.008162739735	0.1557921656
1657	0.008162709359	0.1557918771
1658	0.008162505605	0.1557895405
1659	0.008162431574	0.1557886596
1660	0.008162283502	0.1557859853
1661	0.008162119409	0.1557841725
1662	0.008161978493	0.1557816227
1663	0.00816183017	0.155778846
1664	0.008161734234	0.1557761538
1665	0.00816167349	0.1557756292
1666	0.00816164161	0.155775331
1667	0.008161490436	0.1557733936
1668	0.008161436821	0.1557728516
1669	0.008161175088	0.1557699603
1670	0.008161088242	0.1557681208
1671	0.008161026031	0.155767405
1672	0.008161012788	0.1557669551
1673	0.008160886424	0.1557653367
1674	0.008160703025	0.1557615438
1675	0.008160652003	0.1557610221
1676	0.008160375675	0.1557562952
1677	0.008160219966	0.1557543509
1678	0.00816019821	0.1557541111
1679	0.008160106444	0.1557522348
1680	0.008159964321	0.1557508002
1681	0.008159948578	0.1557504239
1682	0.008159835967	0.1557490757
1683	0.008159543913	0.1557429182
1684	0.00815929538	0.1557380339
1685	0.008159195586	0.1557367402
1686	0.008159130904	0.1557328967
1687	0.008158982094	0.1557314137
1688	0.008158935017	0.1557307172
1689	0.008158822452	0.1557290813
1690	0.00815851026	0.1557245627
1691	0.008158357835	0.1557203003
1692	0.008158258566	0.1557191446
1693	0.008158168129	0.155718191
1694	0.008158100314	0.1557174263
1695	0.008157974478	0.1557142471
1696	0.008157681253	0.1557096182
1697	0.008157581278	0.1557073177
1698	0.008157482711	0.1557054536
1699	0.008157279353	0.1557018206
1700	0.008157211915	0.1556995459
1701	0.008157165734	0.1556980836
1702	0.008156815706	0.1556940543
1703	0.008156779551	0.1556937179
1704	0.008156585718	0.1556915744
1705	0.008156487785	0.1556896938
1706	0.008156281284	0.1556858941
1707	0.008156116195	0.1556831594
1708	0.008155930907	0.1556794151
1709	0.008155599637	0.1556729274
1710	0.008155482495	0.155671357
1711	0.00815527553	0.155666942
1712	0.008155202128	0.1556654219
1713	0.00815519225	0.1556650657
1714	0.008155172042	0.15566474
1715	0.008155032407	0.1556619834
1716	0.008154905746	0.1556597283
1717	0.008154458754	0.1556542083
1718	0.008154450567	0.1556541308
1719	0.008154171109	0.1556500761
1720	0.00815404968	0.1556484101
1721	0.008153887456	0.1556458427
1722	0.008153543518	0.1556421798
1723	0.008153225972	0.1556366668
1724	0.008153064075	0.1556345078
1725	0.008152946943	0.1556326889
1726	0.008152591135	0.1556285474
1727	0.008152387712	0.1556239014
1728	0.008152210319	0.1556206819
1729	0.008152198571	0.1556204331
1730	0.008152075768	0.1556185517
1731	0.008151961566	0.1556169712
1732	0.008151727305	0.1556122217
1733	0.008151605015	0.1556097164
1734	0.00815139154	0.1556061206
1735	0.008151295193	0.1556051781
1736	0.008151154075	0.1556028859
1737	0.008150924211	0.1555991595
1738	0.008150813822	0.1555971328
1739	0.008150653205	0.1555949592
1740	0.008150538791	0.1555939826
1741	0.008150421483	0.1555924203
1742	0.008150283541	0.1555905685
1743	0.008150275892	0.1555904936
1744	0.008150011976	0.1555858833
1745	0.008149663135	0.1555816338
1746	0.008149611579	0.1555810049
1747	0.008149347971	0.1555780607
1748	0.008149225221	0.155575894
1749	0.008149139857	0.1555732063
1750	0.008149052288	0.1555717775
1751	0.008148820144	0.1555654617
1752	0.008148676455	0.1555633388
1753	0.008148399995	0.155558967
1754	0.008148366562	0.155558475
1755	0.008148335635	0.1555582171
1756	0.008148149859	0.1555556645
1757	0.008147932361	0.1555528881
1758	0.008147888324	0.1555523863
1759	0.008147866675	0.155551061
1760	0.008147838931	0.1555507377
1761	0.008147711838	0.1555479258
1762	0.008147689733	0.1555446381
1763	0.008147633739	0.1555423125
1764	0.008147531981	0.1555405547
1765	0.008147412975	0.1555384227
1766	0.008147349262	0.1555378924
1767	0.008147244742	0.1555361695
1768	0.008147234185	0.1555360101
1769	0.00814714697	0.1555333382
1770	0.008147040724	0.1555317712
1771	0.008146847736	0.1555289422
1772	0.008146699365	0.1555260367
1773	0.008146615266	0.1555248429
1774	0.008146568596	0.1555242433
1775	0.008146471872	0.1555230821
1776	0.008146446279	0.1555227242
1777	0.008146432143	0.1555224321
1778	0.008146309243	0.1555204457
1779	0.008146265066	0.1555199275
1780	0.008146081605	0.1555166399
1781	0.008145886447	0.1555127248
1782	0.008145599754	0.1555078932
1783	0.00814546678	0.15550604
1784	0.008145375801	0.1555048074
1785	0.008145165473	0.1555011167
1786	0.008144998757	0.1554973332
1787	0.008144880169	0.1554943771
1788	0.008144862116	0.155494104
1789	0.008144650532	0.1554919297
1790	0.008144405379	0.1554867031
1791	0.00814433627	0.1554855513
1792	0.008144304411	0.1554852175
1793	0.008144201695	0.1554815567
1794	0.008144101158	0.1554801044
1795	0.00814394711	0.1554770489
1796	0.00814390232	0.1554760499
1797	0.008143815142	0.1554744516
1798	0.008143574884	0.1554689461
1799	0.008143371968	0.1554663129
1800	0.008143248757	0.1554644564
1801	0.00814305341	0.1554610927
1802	0.008142761428	0.1554575117
1803	0.008142593984	0.1554550571
1804	0.008142592152	0.1554544801
1805	0.008142443845	0.1554528031
1806	0.008142209433	0.1554490503
1807	0.008142189912	0.1554488531
1808	0.008142164397	0.1554480975
1809	0.008141928416	0.1554450588
1810	0.008141842321	0.1554433475
1811	0.008141837009	0.1554426721
1812	0.008141678703	0.1554395524
1813	0.008141415076	0.1554364031
1814	0.008141279731	0.1554344791
1815	0.008141008869	0.1554293151
1816	0.008140909688	0.1554267184
1817	0.008140892017	0.1554264011
1818	0.008140863457	0.1554260978
1819	0.008140785545	0.1554252948
1820	0.008140676022	0.1554225348
1821	0.008140667219	0.1554220916
1822	0.008140557152	0.1554198291
1823	0.00814053681	0.1554194906
1824	0.0081403677	0.1554164011
1825	0.008140166382	0.1554108248
1826	0.008140144613	0.1554105369
1827	0.008140092165	0.1554093229
1828	0.008139872531	0.1554059233
1829	0.008139838023	0.1554056165
1830	0.008139773231	0.1554018345
1831	0.008139604219	0.1553997573
1832	0.008139482206	0.1553977301
1833	0.008139278192	0.1553937686
1834	0.008139174107	0.1553928114
1835	0.008139165513	0.1553926141
1836	0.008139062928	0.1553910823
1837	0.008138986428	0.1553898272
1838	0.008138867211	0.1553879592
1839	0.008138770951	0.1553840649
1840	0.00813873384	0.1553809751
1841	0.008138437745	0.1553764842
1842	0.008138399771	0.1553760513
1843	0.008138308571	0.1553750275
1844	0.008138281392	0.1553747277
1845	0.008138092364	0.1553724261
1846	0.008137922699	0.1553681696
1847	0.008137841691	0.155366023
1848	0.008137578634	0.155362507
1849	0.008137483615	0.1553601971
1850	0.0081373556	0.1553576382
1851	0.008137253738	0.1553563858
1852	0.008137233938	0.1553561654
1853	0.008137160397	0.1553545079
1854	0.008136938939	0.155351996
1855	0.008136610176	0.1553462995
1856	0.008136539875	0.1553453027
1857	0.008136458938	0.1553439314
1858	0.008136430568	0.1553434142
1859	0.008136343777	0.1553423173
1860	0.008136108129	0.1553382801
1861	0.008135846454	0.1553354478
1862	0.008135645647	0.155333199
1863	0.008135542221	0.1553309382
1864	0.008135511792	0.1553305365
1865	0.008135411348	0.1553283571
1866	0.008135331081	0.1553272549
1867	0.008135171727	0.1553249637
1868	0.008135154279	0.1553247842
1869	0.008135036889	0.1553232118
1870	0.008134906758	0.1553216507
1871	0.008134797844	0.1553199104
1872	0.008134707521	0.1553185016
1873	0.008134573992	0.1553150631
1874	0.00813455282	0.1553148177
1875	0.008134531992	0.1553145121
1876	0.008134417683	0.1553130243
1877	0.008134228357	0.1553110844
1878	0.008134212702	0.1553108788
1879	0.00813421555	0.1553101458
1880	0.008133972708	0.1553067583
1881	0.008133731436	0.1553027274
1882	0.008133605508	0.1553004989
1883	0.008133494086	0.1552990383
1884	0.008133465161	0.1552987043
1885	0.008133187005	0.1552954872
1886	0.008132956198	0.1552924341
1887	0.00813279459	0.1552902936
1888	0.008132803302	0.1552899656
1889	0.008132596267	0.1552870883
1890	0.008132481663	0.1552852744
1891	0.008132389021	0.1552838628
1892	0.008132262198	0.1552805545
1893	0.008132167608	0.1552777558
1894	0.008132148763	0.1552773056
1895	0.008131894484	0.1552727035
1896	0.008131868382	0.1552722972
1897	0.008131654989	0.1552685228
1898	0.008131631777	0.1552682791
1899	0.008131372907	0.1552650479
1900	0.008131342347	0.1552647259
1901	0.008131233548	0.155262355
1902	0.00813113672	0.1552607151
1903	0.008131084504	0.1552592218
1904	0.008131069263	0.1552589578
1905	0.008130983727	0.1552578766
1906	0.008130730969	0.1552550036
1907	0.008130431839	0.1552503067
1908	0.008130277513	0.1552480802
1909	0.008130122201	0.155245486
1910	0.008130100044	0.1552449416
1911	0.008130081565	0.1552446687
1912	0.0081301007	0.1552443245
1913	0.008129915182	0.1552402048
1914	0.008129891058	0.1552398537
1915	0.008129801707	0.1552383369
1916	0.008129779282	0.1552381356
1917	0.008129735348	0.1552374597
1918	0.008129627514	0.1552363633
1919	0.008129413477	0.1552331992
1920	0.008129259099	0.1552298606
1921	0.008129183834	0.1552282122
1922	0.008129075679	0.1552270334
1923	0.008128794564	0.1552219619
1924	0.008128689061	0.1552203178
1925	0.008128636326	0.1552189274
1926	0.008128572406	0.1552175546
1927	0.008128515353	0.1552168482
1928	0.008128171554	0.1552121118
1929	0.008128158933	0.1552119188
1930	0.008127988298	0.1552081747
1931	0.008127806105	0.1552056901
1932	0.008127591437	0.1552035103
1933	0.008127443508	0.1551972275
1934	0.008127372221	0.1551961065
1935	0.008126955347	0.1551905177
1936	0.008126817165	0.1551871174
1937	0.008126823936	0.1551823137
1938	0.008126668963	0.1551794992
1939	0.0081265224	0.1551763701
1940	0.008126376038	0.1551739834
1941	0.008126217762	0.1551721505
1942	0.008126087833	0.1551699646
1943	0.008125995246	0.1551689363
1944	0.008125833756	0.1551665006
1945	0.008125838278	0.1551659267
1946	0.008125771034	0.1551644471
1947	0.008125583474	0.1551608868
1948	0.008125442894	0.1551591859
1949	0.00812524762	0.1551555753
1950	0.0081251253	0.1551536881
1951	0.008124881208	0.155149596
1952	0.008124867557	0.1551494091
1953	0.008124657876	0.1551456641
1954	0.008124609995	0.1551445086
1955	0.008124300002	0.1551404701
1956	0.008124249356	0.1551398941
1957	0.008124238842	0.1551392736
1958	0.008124170461	0.1551376952
1959	0.008124096022	0.1551363279
1960	0.008124100594	0.1551359844
1961	0.008124097659	0.1551356878
1962	0.008123863831	0.1551315165
1963	0.008123747084	0.1551300131
1964	0.008123524437	0.1551270812
1965	0.008123362979	0.1551248414
1966	0.008123242701	0.1551230465
1967	0.008122991021	0.155119195
1968	0.008122783651	0.1551165731
1969	0.008122652748	0.1551153274
1970	0.008122454226	0.1551120924
1971	0.008122367248	0.1551107625
1972	0.008122131446	0.1551065714
1973	0.008122029835	0.1551053498
1974	0.008121837573	0.1551032809
1975	0.008121653104	0.1551012687
1976	0.008121639563	0.1551011609
1977	0.008121561442	0.1550995261
1978	0.008121446661	0.1550978744
1979	0.008121406681	0.1550974486
1980	0.008121376575	0.1550959642
1981	0.008121261992	0.1550940167
1982	0.008121236468	0.1550938107
1983	0.008121163714	0.1550928886
1984	0.008121157377	0.1550926239
1985	0.008120944184	0.1550877371
1986	0.008120737563	0.1550848082
1987	0.00812054724	0.1550817389
1988	0.008120460264	0.1550805926
1989	0.008120356763	0.1550789628
1990	0.008120326968	0.1550786475
1991	0.008120258506	0.1550779117
1992	0.008120184633	0.1550767891
1993	0.008120069313	0.155075552
1994	0.008120031044	0.155075115
1995	0.008119933652	0.1550740963
1996	0.00811990498	0.1550737551
1997	0.008119785143	0.1550718697
1998	0.008119705783	0.1550705294
1999	0.008119543199	0.155068225
